Name,Level,Order,Type,Object,Time,TileXSize,TileYSize,Variability,Columns,Rows,MultipleX,MultipleY,CladdingSeed,OpeningSeed,MargeX,UpperMargin,LowerMargin,MinOpeningHeight,MinOpeningWidth,DoorNumber,Max,Total,CV
Khulan,303112001,1,Grasshopper,2,121.0,5.0,5.0,1.0,8.0,6.0,1.0,1.0,17.0,9.0,7.0,8.0,7.0,12.0,6.0,5.0,17.0,98.0,0.6464566725985683
Khulan,303112001,1,Grasshopper,3,92.0,3.0,1.0,6.0,4.0,5.0,3.0,1.0,10.0,1.0,1.0,13.0,14.0,12.0,1.0,4.0,14.0,79.0,0.8919336217697629
Khulan,303112001,1,Grasshopper,4,21.0,1.0,1.0,1.0,3.0,5.0,1.0,1.0,8.0,1.0,1.0,1.0,1.0,1.0,1.0,3.0,8.0,30.0,1.0177004891982149
Khulan,303112001,2,Hybrid,2,25.0,1.0,1.0,4.0,1.0,2.0,3.0,2.0,4.0,3.0,1.0,1.0,1.0,4.0,3.0,3.0,4.0,34.0,0.5394702734871245
Khulan,303112001,2,Hybrid,3,11.0,3.0,1.0,2.0,1.0,1.0,3.0,2.0,2.0,2.0,1.0,1.0,1.0,1.0,1.0,3.0,3.0,25.0,0.4898979485566356
Khulan,303112001,2,Hybrid,4,12.0,3.0,1.0,1.0,2.0,1.0,1.0,1.0,2.0,1.0,1.0,6.0,1.0,1.0,2.0,2.0,6.0,26.0,0.769917276078009
Khulan,303112001,3,Plugin,2,12.0,1.0,1.0,1.0,1.0,1.0,2.0,1.0,6.0,3.0,1.0,1.0,1.0,1.0,1.0,2.0,6.0,24.0,0.8451542547285166
Khulan,303112001,3,Plugin,3,25.0,1.0,1.0,2.0,1.0,1.0,2.0,1.0,9.0,11.0,1.0,1.0,2.0,2.0,2.0,2.0,11.0,39.0,1.1792084397504536
Khulan,303112001,3,Plugin,4,4.0,1.0,1.0,1.0,2.0,2.0,1.0,1.0,1.0,1.0,1.0,1.0,1.0,1.0,1.0,1.0,2.0,17.0,0.31046980171279265
Khulan,303112001,0,Tot,0,323.0,19.0,13.0,19.0,23.0,24.0,17.0,11.0,59.0,32.0,15.0,33.0,29.0,35.0,18.0,25.0,59.0,372.0,0.483678917340347
Khulan,303112001,0,Average,0,35.888888888888886,2.111111111111111,1.4444444444444444,2.111111111111111,2.5555555555555554,2.6666666666666665,1.8888888888888888,1.2222222222222223,6.555555555555555,3.5555555555555554,1.6666666666666667,3.6666666666666665,3.2222222222222223,3.888888888888889,2.0,2.7777777777777777,6.555555555555555,41.333333333333336,0.483678917340347
Khulan,303112001,0,Standard Deviation,0,41.2748241802568,1.4529663145135578,1.3333333333333337,1.763834207376394,2.2973414586817036,2.0615528128088303,0.927960727138337,0.4409585518440984,5.101742621671322,3.778594682918211,1.9999999999999996,4.387482193696062,4.493822920904255,4.702245326555294,1.6583123951777,1.2018504251546631,5.101742621671322,37.60199797177376,0.6159533355190122
Adrian,404000100,3,Grasshopper,2,75.0,4.0,2.0,1.0,5.0,3.0,1.0,1.0,15.0,19.0,6.0,2.0,3.0,1.0,5.0,3.0,19.0,71.0,1.1164010692944315
Adrian,404000100,3,Grasshopper,3,17.0,1.0,4.0,1.0,4.0,1.0,2.0,1.0,1.0,1.0,5.0,2.0,1.0,1.0,2.0,1.0,5.0,28.0,0.7263019876466504
Adrian,404000100,3,Grasshopper,4,16.0,5.0,1.0,1.0,1.0,1.0,1.0,1.0,1.0,11.0,1.0,1.0,1.0,1.0,1.0,2.0,11.0,30.0,1.349603116263656
Adrian,404000100,2,Plugin,2,20.0,2.0,3.0,2.0,2.0,2.0,1.0,1.0,1.0,6.0,2.0,1.0,3.0,1.0,1.0,2.0,6.0,30.0,0.6546536707079771
Adrian,404000100,2,Plugin,3,25.0,3.0,3.0,2.0,1.0,3.0,2.0,1.0,1.0,12.0,1.0,1.0,2.0,2.0,2.0,2.0,12.0,38.0,1.0744910723237135
Adrian,404000100,2,Plugin,4,3.0,2.0,2.0,1.0,1.0,1.0,1.0,1.0,1.0,1.0,1.0,1.0,1.0,1.0,1.0,1.0,2.0,17.0,0.3104698017127926
Adrian,404000100,0,Tot,0,220.0,34.0,38.0,11.0,17.0,14.0,16.0,13.0,23.0,53.0,19.0,11.0,14.0,10.0,15.0,14.0,53.0,302.0,0.6065377151503061
Adrian,404000100,0,Average,0,24.444444444444443,3.7777777777777777,4.222222222222222,1.2222222222222223,1.8888888888888888,1.5555555555555556,1.7777777777777777,1.4444444444444444,2.5555555555555554,5.888888888888889,2.111111111111111,1.2222222222222223,1.5555555555555556,1.1111111111111112,1.6666666666666667,1.5555555555555556,5.888888888888889,33.55555555555556,0.606537715150306
Adrian,404000100,0,Standard Deviation,0,21.38989896604885,1.855921454276674,3.562926387738658,0.4409585518440984,1.536590742882148,0.881917103688197,0.9718253158075502,0.7264831572567789,4.666666666666666,6.660413734229361,1.9649710204252662,0.4409585518440984,0.8819171036881968,0.33333333333333337,1.3228756555322951,0.7264831572567789,6.660413734229361,26.9742419364701,1.0057785950957467
Mathilde,404223002,2,Grasshopper,2,72.0,1.0,15.0,3.0,8.0,1.0,1.0,1.0,5.0,1.0,1.0,8.0,6.0,7.0,3.0,1.0,15.0,62.0,0.9843052603475165
Mathilde,404223002,2,Grasshopper,3,25.0,1.0,1.0,5.0,4.0,4.0,1.0,1.0,1.0,1.0,1.0,3.0,1.0,5.0,1.0,1.0,5.0,31.0,0.7859135928411701
Mathilde,404223002,2,Grasshopper,4,4.0,1.0,1.0,1.0,3.0,1.0,1.0,1.0,1.0,2.0,1.0,1.0,1.0,1.0,1.0,1.0,3.0,18.0,0.4671765921511568
Mathilde,404223002,3,Hybrid,2,21.0,1.0,1.0,1.0,4.0,3.0,2.0,3.0,1.0,8.0,1.0,1.0,1.0,2.0,1.0,3.0,8.0,33.0,0.8624393618641033
Mathilde,404223002,3,Hybrid,3,50.0,13.0,20.0,3.0,3.0,3.0,1.0,1.0,1.0,2.0,4.0,1.0,1.0,4.0,3.0,2.0,20.0,62.0,1.2830295044854232
Mathilde,404223002,3,Hybrid,4,17.0,4.0,5.0,2.0,2.0,1.0,1.0,1.0,2.0,2.0,1.0,1.0,1.0,4.0,1.0,3.0,5.0,31.0,0.6457370702589753
Mathilde,404223002,1,Plugin,2,20.0,3.0,3.0,1.0,2.0,2.0,3.0,2.0,3.0,5.0,1.0,1.0,1.0,3.0,1.0,2.0,5.0,33.0,0.5211013674737371
Mathilde,404223002,1,Plugin,3,3.0,2.0,1.0,1.0,1.0,1.0,1.0,1.0,1.0,2.0,1.0,1.0,1.0,1.0,1.0,1.0,2.0,17.0,0.3104698017127927
Mathilde,404223002,1,Plugin,4,3.0,2.0,1.0,1.0,1.0,1.0,1.0,1.0,2.0,1.0,1.0,1.0,1.0,1.0,1.0,1.0,2.0,17.0,0.3104698017127927
Mathilde,404223002,0,Tot,0,215.0,28.0,48.0,18.0,28.0,17.0,12.0,12.0,17.0,24.0,12.0,18.0,14.0,28.0,13.0,15.0,48.0,304.0,0.47892232232289317
Mathilde,404223002,0,Average,0,23.88888888888889,3.111111111111111,5.333333333333333,2.0,3.111111111111111,1.8888888888888888,1.3333333333333333,1.3333333333333333,1.8888888888888888,2.6666666666666665,1.3333333333333333,2.0,1.5555555555555556,3.111111111111111,1.4444444444444444,1.6666666666666667,5.333333333333333,33.77777777777778,0.4789223223228931
Mathilde,404223002,0,Standard Deviation,0,23.283279646800427,3.855011168740126,7.14142842854285,1.4142135623730951,2.147349787787521,1.1666666666666667,0.7071067811865476,0.7071067811865476,1.3642254619787415,2.345207879911715,1.0,2.345207879911715,1.666666666666667,2.088327347690278,0.8819171036881969,0.8660254037844386,7.14142842854285,29.6964609201151,0.8383829532625793
Virgil,303334003,1,Grasshopper,2,81.0,5.0,3.0,3.0,6.0,5.0,6.0,4.0,7.0,13.0,6.0,3.0,3.0,5.0,1.0,3.0,13.0,73.0,0.5700060034364283
Virgil,303334003,1,Grasshopper,3,29.0,2.0,2.0,1.0,3.0,1.0,3.0,2.0,1.0,12.0,1.0,1.0,1.0,1.0,1.0,3.0,12.0,35.0,1.1976653674384659
Virgil,303334003,1,Grasshopper,4,20.0,1.0,1.0,1.0,3.0,3.0,2.0,1.0,6.0,6.0,1.0,1.0,1.0,1.0,1.0,3.0,6.0,32.0,0.8284829078330033
Virgil,303334003,3,Hybrid,2,68.0,9.0,13.0,7.0,3.0,4.0,5.0,4.0,2.0,3.0,3.0,3.0,1.0,2.0,11.0,1.0,13.0,71.0,0.7719910539126148
Virgil,303334003,3,Hybrid,3,2.0,1.0,1.0,1.0,2.0,1.0,1.0,1.0,1.0,1.0,1.0,1.0,1.0,1.0,1.0,1.0,2.0,16.0,0.2420614591379636
Virgil,303334003,3,Hybrid,4,11.0,1.0,1.0,2.0,3.0,2.0,3.0,2.0,1.0,2.0,1.0,1.0,1.0,1.0,2.0,2.0,3.0,25.0,0.4342481186734475
Virgil,303334003,2,Plugin,2,24.0,2.0,3.0,1.0,3.0,3.0,2.0,3.0,3.0,4.0,1.0,3.0,2.0,3.0,3.0,2.0,4.0,38.0,0.32913528467083897
Virgil,303334003,2,Plugin,3,31.0,1.0,2.0,2.0,2.0,3.0,1.0,1.0,1.0,15.0,1.0,1.0,2.0,4.0,3.0,3.0,15.0,42.0,1.2532755915818397
Virgil,303334003,2,Plugin,4,10.0,1.0,1.0,1.0,2.0,1.0,2.0,3.0,3.0,1.0,1.0,1.0,1.0,1.0,2.0,2.0,3.0,23.0,0.48471088236339555
Virgil,303334003,0,Tot,0,276.0,23.0,27.0,19.0,27.0,23.0,25.0,21.0,25.0,57.0,16.0,15.0,13.0,19.0,25.0,20.0,57.0,355.0,0.43021195350144403
Virgil,303334003,0,Average,0,30.666666666666668,2.5555555555555554,3.0,2.111111111111111,3.0,2.5555555555555554,2.7777777777777777,2.3333333333333335,2.7777777777777777,6.333333333333333,1.7777777777777777,1.6666666666666667,1.4444444444444444,2.111111111111111,2.7777777777777777,2.2222222222222223,6.333333333333333,39.44444444444445,0.430211953501444
Virgil,303334003,0,Standard Deviation,0,26.748831750190508,2.7436796055257213,3.840572873934304,1.964971020425266,1.224744871391589,1.4240006242195886,1.7159383568311666,1.224744871391589,2.279132388529557,5.5226805085936315,1.7159383568311664,1.0,0.7264831572567789,1.5365907428821477,3.1928740101113355,0.8333333333333334,5.5226805085936315,30.945684721257173,0.6304747057419369
FannyM,404113101,2,Grasshopper,2,102.0,5.0,5.0,3.0,2.0,1.0,5.0,4.0,6.0,25.0,3.0,4.0,1.0,5.0,8.0,1.0,25.0,78.0,1.1218079538745311
FannyM,404113101,2,Grasshopper,3,40.0,1.0,1.0,2.0,1.0,2.0,4.0,3.0,3.0,17.0,2.0,1.0,1.0,4.0,1.0,1.0,17.0,44.0,1.3785708168419952
FannyM,404113101,2,Grasshopper,4,24.0,1.0,1.0,1.0,2.0,1.0,1.0,1.0,1.0,16.0,1.0,1.0,1.0,1.0,1.0,4.0,16.0,34.0,1.712461956236428
FannyM,404113101,1,Hybrid,2,111.0,11.0,6.0,24.0,3.0,3.0,2.0,2.0,2.0,25.0,6.0,1.0,2.0,13.0,11.0,2.0,25.0,113.0,1.0474676622248
FannyM,404113101,1,Hybrid,3,41.0,1.0,1.0,12.0,2.0,2.0,3.0,3.0,3.0,15.0,3.0,2.0,1.0,1.0,1.0,2.0,15.0,52.0,1.2085258200179434
FannyM,404113101,1,Hybrid,4,20.0,1.0,1.0,7.0,2.0,1.0,1.0,1.0,1.0,4.0,5.0,3.0,1.0,1.0,1.0,2.0,7.0,32.0,0.8655419957625231
FannyM,404113101,3,Plugin,2,45.0,2.0,2.0,4.0,2.0,1.0,3.0,2.0,5.0,20.0,2.0,2.0,1.0,2.0,2.0,2.0,20.0,52.0,1.3524187030158656
FannyM,404113101,3,Plugin,3,32.0,3.0,2.0,3.0,3.0,2.0,2.0,1.0,5.0,12.0,1.0,1.0,1.0,1.0,3.0,2.0,12.0,42.0,0.9937853538093947
FannyM,404113101,3,Plugin,4,6.0,1.0,1.0,1.0,2.0,1.0,1.0,1.0,1.0,4.0,1.0,1.0,1.0,1.0,1.0,2.0,4.0,20.0,0.6123724356957946
FannyM,404113101,0,Tot,0,421.0,26.0,20.0,57.0,19.0,14.0,22.0,18.0,27.0,138.0,24.0,16.0,10.0,29.0,29.0,18.0,138.0,467.0,1.01069270383559
FannyM,404113101,0,Average,0,46.77777777777778,2.888888888888889,2.2222222222222223,6.333333333333333,2.111111111111111,1.5555555555555556,2.4444444444444446,2.0,3.0,15.333333333333334,2.6666666666666665,1.7777777777777777,1.1111111111111112,3.2222222222222223,3.2222222222222223,2.0,15.333333333333334,51.888888888888886,1.0106927038355897
FannyM,404113101,0,Standard Deviation,0,36.00964377002978,3.333333333333333,1.922093765778466,7.483314773547883,0.6009252125773316,0.7264831572567789,1.4240006242195886,1.118033988749895,1.9364916731037085,7.745966692414834,1.8027756377319946,1.0929064207170003,0.33333333333333337,3.961621441334905,3.7006005518624194,0.8660254037844386,7.745966692414834,38.047906009745915,0.9240165807382481
Margaux,303221202,3,Grasshopper,2,67.0,6.0,9.0,2.0,3.0,3.0,2.0,3.0,12.0,8.0,3.0,3.0,3.0,2.0,2.0,5.0,12.0,66.0,0.6914898447778771
Margaux,303221202,3,Grasshopper,3,71.0,5.0,5.0,5.0,2.0,4.0,1.0,4.0,7.0,25.0,4.0,4.0,4.0,5.0,2.0,3.0,25.0,80.0,1.0574987335352093
Margaux,303221202,3,Grasshopper,4,54.0,3.0,3.0,4.0,3.0,1.0,1.0,1.0,4.0,10.0,4.0,7.0,8.0,5.0,1.0,4.0,10.0,59.0,0.6826412653360285
Margaux,303221202,2,Hybrid,2,22.0,2.0,3.0,1.0,3.0,1.0,1.0,1.0,4.0,10.0,1.0,2.0,1.0,3.0,1.0,2.0,10.0,36.0,0.9682458365518541
Margaux,303221202,2,Hybrid,3,28.0,1.0,10.0,3.0,1.0,1.0,1.0,1.0,7.0,5.0,1.0,1.0,1.0,1.0,3.0,3.0,10.0,40.0,1.0187965589711365
Margaux,303221202,2,Hybrid,4,25.0,1.0,1.0,5.0,2.0,2.0,2.0,2.0,3.0,7.0,2.0,1.0,1.0,3.0,3.0,4.0,7.0,39.0,0.6468598968246786
Margaux,303221202,1,Plugin,2,28.0,4.0,2.0,4.0,2.0,2.0,5.0,1.0,7.0,3.0,2.0,1.0,1.0,1.0,1.0,1.0,7.0,37.0,0.732726579012214
Margaux,303221202,1,Plugin,3,41.0,1.0,1.0,3.0,3.0,2.0,1.0,1.0,1.0,21.0,4.0,3.0,3.0,3.0,3.0,2.0,21.0,52.0,1.4293372841464764
Margaux,303221202,1,Plugin,4,14.0,3.0,1.0,2.0,2.0,2.0,1.0,1.0,3.0,7.0,2.0,2.0,2.0,2.0,2.0,4.0,7.0,36.0,0.6259912773873765
Margaux,303221202,0,Tot,0,350.0,26.0,35.0,29.0,21.0,18.0,15.0,15.0,48.0,96.0,23.0,24.0,24.0,25.0,18.0,28.0,96.0,445.0,0.6795132349808564
Margaux,303221202,0,Average,0,38.888888888888886,2.888888888888889,3.888888888888889,3.2222222222222223,2.3333333333333335,2.0,1.6666666666666667,1.6666666666666667,5.333333333333333,10.666666666666666,2.5555555555555554,2.6666666666666665,2.6666666666666665,2.7777777777777777,2.0,3.111111111111111,10.666666666666666,49.44444444444444,0.6795132349808565
Margaux,303221202,0,Standard Deviation,0,20.581815058714113,1.8333333333333335,3.443996386628638,1.3944333775567928,0.7071067811865476,1.0,1.3228756555322951,1.1180339887498947,3.278719262151,7.399324293474372,1.2360330811826106,1.9364916731037085,2.2912878474779204,1.4813657362192647,0.8660254037844386,1.2692955176439846,7.399324293474372,30.578322338024805,0.8282824569011012
JL,304420003,1,Grasshopper,2,34.0,2.0,2.0,3.0,5.0,2.0,6.0,3.0,1.0,3.0,1.0,3.0,4.0,1.0,3.0,2.0,6.0,41.0,0.5259477720206787
JL,304420003,1,Grasshopper,3,17.0,2.0,1.0,5.0,2.0,2.0,1.0,2.0,1.0,3.0,2.0,2.0,2.0,2.0,2.0,2.0,5.0,31.0,0.465072631317704
JL,304420003,1,Grasshopper,4,1.0,1.0,1.0,1.0,1.0,1.0,1.0,1.0,1.0,1.0,1.0,1.0,1.0,1.0,1.0,1.0,1.0,15.0,0.0
JL,304420003,2,Hybrid,2,22.0,4.0,3.0,5.0,3.0,1.0,2.0,1.0,3.0,3.0,2.0,2.0,1.0,1.0,2.0,2.0,5.0,35.0,0.5036311297654312
JL,304420003,2,Hybrid,3,20.0,4.0,1.0,3.0,2.0,3.0,1.0,1.0,1.0,1.0,2.0,2.0,1.0,2.0,6.0,1.0,6.0,31.0,0.6956083436402524
JL,304420003,2,Hybrid,4,24.0,5.0,5.0,3.0,2.0,1.0,2.0,3.0,4.0,1.0,3.0,3.0,1.0,1.0,2.0,2.0,5.0,38.0,0.535169885634374
JL,304420003,3,Plugin,2,24.0,3.0,3.0,2.0,2.0,2.0,3.0,1.0,3.0,4.0,2.0,1.0,2.0,2.0,1.0,1.0,4.0,32.0,0.429129101453497
JL,304420003,3,Plugin,3,27.0,3.0,2.0,3.0,2.0,2.0,3.0,3.0,3.0,7.0,1.0,2.0,2.0,2.0,3.0,1.0,7.0,39.0,0.540029115398049
JL,304420003,3,Plugin,4,4.0,1.0,1.0,1.0,2.0,1.0,1.0,1.0,1.0,1.0,1.0,1.0,1.0,1.0,1.0,2.0,2.0,17.0,0.3104698017127927
JL,304420003,0,Tot,0,173.0,25.0,19.0,26.0,21.0,15.0,20.0,16.0,18.0,24.0,15.0,17.0,15.0,13.0,21.0,14.0,26.0,279.0,0.22241621448502966
JL,304420003,0,Average,0,19.22222222222222,2.7777777777777777,2.111111111111111,2.888888888888889,2.3333333333333335,1.6666666666666667,2.2222222222222223,1.7777777777777777,2.0,2.6666666666666665,1.6666666666666667,1.8888888888888888,1.6666666666666667,1.4444444444444444,2.3333333333333335,1.5555555555555556,2.888888888888889,31.000000000000004,0.22241621448502963
JL,304420003,0,Standard Deviation,0,10.615763959529453,1.3944333775567928,1.3642254619787415,1.4529663145135578,1.1180339887498947,0.7071067811865476,1.6414763002993507,0.9718253158075502,1.224744871391589,2.0,0.7071067811865476,0.7817359599705717,0.9999999999999999,0.5270462766947299,1.5811388300841895,0.5270462766947299,2.0,16.998886536114792,0.3880944721290586
Hélène,404113001,3,Grasshopper,2,33.0,1.0,1.0,4.0,2.0,1.0,2.0,3.0,3.0,12.0,4.0,1.0,1.0,1.0,1.0,1.0,12.0,38.0,1.125090683589532
Hélène,404113001,3,Grasshopper,3,19.0,1.0,1.0,1.0,1.0,3.0,1.0,2.0,3.0,5.0,1.0,8.0,1.0,1.0,1.0,1.0,8.0,31.0,0.9757731265970434
Hélène,404113001,3,Grasshopper,4,13.0,1.0,1.0,2.0,2.0,1.0,1.0,1.0,3.0,3.0,3.0,1.0,2.0,2.0,3.0,1.0,3.0,27.0,0.47882867076185254
Hélène,404113001,1,Hybrid,2,92.0,7.0,1.0,17.0,3.0,2.0,2.0,1.0,2.0,22.0,4.0,3.0,4.0,10.0,17.0,2.0,22.0,97.0,1.0550923492653812
Hélène,404113001,1,Hybrid,3,12.0,2.0,2.0,1.0,1.0,1.0,1.0,1.0,1.0,5.0,5.0,2.0,3.0,1.0,1.0,1.0,5.0,28.0,0.753998089873925
Hélène,404113001,1,Hybrid,4,23.0,6.0,1.0,3.0,1.0,1.0,1.0,1.0,4.0,5.0,1.0,1.0,1.0,2.0,4.0,2.0,6.0,34.0,0.7543742926464508
Hélène,404113001,2,Plugin,2,40.0,2.0,1.0,4.0,2.0,2.0,2.0,2.0,6.0,14.0,2.0,1.0,1.0,2.0,2.0,2.0,14.0,45.0,1.098339294730552
Hélène,404113001,2,Plugin,3,4.0,1.0,1.0,1.0,1.0,1.0,1.0,1.0,1.0,3.0,1.0,1.0,1.0,1.0,1.0,2.0,3.0,18.0,0.4671765921511568
Hélène,404113001,2,Plugin,4,9.0,1.0,1.0,2.0,2.0,2.0,1.0,1.0,1.0,5.0,1.0,1.0,1.0,1.0,1.0,1.0,5.0,22.0,0.7227946550308769
Hélène,404113001,0,Tot,0,245.0,22.0,10.0,35.0,15.0,14.0,12.0,13.0,24.0,74.0,22.0,19.0,15.0,21.0,31.0,13.0,74.0,340.0,0.7004782632820927
Hélène,404113001,0,Average,0,27.22222222222222,2.4444444444444446,1.1111111111111112,3.888888888888889,1.6666666666666667,1.5555555555555556,1.3333333333333333,1.4444444444444444,2.6666666666666665,8.222222222222221,2.4444444444444446,2.111111111111111,1.6666666666666667,2.3333333333333335,3.4444444444444446,1.4444444444444444,8.222222222222221,37.77777777777778,0.7004782632820927
Hélène,404113001,0,Standard Deviation,0,26.887626232980185,2.351122663277647,0.33333333333333337,5.060742150229658,0.7071067811865476,0.7264831572567789,0.5,0.7264831572567789,1.6583123951777001,6.457123542603506,1.5898986690282428,2.315407331574968,1.118033988749895,2.91547594742265,5.198824653494074,0.5270462766947299,6.457123542603506,32.18539404728651,0.9100722783940675
Luca,324332103,2,Grasshopper,2,97.0,19.0,9.0,1.0,2.0,1.0,4.0,3.0,7.0,14.0,1.0,5.0,1.0,12.0,1.0,1.0,19.0,81.0,1.0540925533894598
Luca,324332103,2,Grasshopper,3,54.0,1.0,1.0,1.0,3.0,1.0,5.0,5.0,4.0,15.0,5.0,1.0,1.0,1.0,8.0,1.0,15.0,53.0,1.0954311871753253
Luca,324332103,2,Grasshopper,4,3.0,1.0,1.0,1.0,3.0,1.0,1.0,1.0,1.0,1.0,1.0,1.0,1.0,1.0,1.0,1.0,3.0,17.0,0.4556450995538138
Luca,324332103,3,Hybrid,2,23.0,1.0,1.0,8.0,3.0,1.0,1.0,2.0,2.0,5.0,1.0,5.0,1.0,1.0,2.0,3.0,8.0,37.0,0.8374018045853875
Luca,324332103,3,Hybrid,3,13.0,1.0,8.0,2.0,1.0,4.0,1.0,1.0,1.0,1.0,1.0,1.0,2.0,1.0,1.0,1.0,8.0,27.0,1.0540925533894598
Luca,324332103,3,Hybrid,4,3.0,1.0,1.0,1.0,3.0,1.0,1.0,1.0,1.0,1.0,1.0,1.0,1.0,1.0,1.0,1.0,3.0,17.0,0.4556450995538138
Luca,324332103,1,Plugin,2,37.0,6.0,9.0,4.0,2.0,1.0,4.0,4.0,7.0,2.0,2.0,1.0,2.0,1.0,1.0,2.0,9.0,48.0,0.7672859170944222
Luca,324332103,1,Plugin,3,25.0,1.0,1.0,2.0,1.0,2.0,1.0,1.0,1.0,14.0,2.0,1.0,1.0,1.0,3.0,1.0,14.0,33.0,1.5095133190696401
Luca,324332103,1,Plugin,4,7.0,1.0,1.0,1.0,1.0,1.0,1.0,1.0,1.0,6.0,1.0,1.0,1.0,1.0,2.0,1.0,6.0,21.0,0.9273932871430011
Luca,324332103,0,Tot,0,262.0,32.0,32.0,21.0,19.0,13.0,19.0,19.0,25.0,59.0,15.0,17.0,11.0,20.0,20.0,12.0,59.0,334.0,0.5352921660523716
Luca,324332103,0,Average,0,29.11111111111111,3.5555555555555554,3.5555555555555554,2.3333333333333335,2.111111111111111,1.4444444444444444,2.111111111111111,2.111111111111111,2.7777777777777777,6.555555555555555,1.6666666666666667,1.8888888888888888,1.2222222222222223,2.2222222222222223,2.2222222222222223,1.3333333333333333,6.555555555555555,37.111111111111114,0.5352921660523714
Luca,324332103,0,Standard Deviation,0,30.530494773441045,6.023103666530885,3.8441875315569316,2.345207879911715,0.927960727138337,1.0137937550497031,1.69148192751537,1.5365907428821481,2.5873624493766707,6.105553028004735,1.3228756555322951,1.7638342073763937,0.4409585518440984,3.666666666666666,2.279132388529557,0.7071067811865476,6.105553028004735,36.25581595910205,0.735132917810703
Brice,505122002,1,Grasshopper,2,174.0,1.0,1.0,8.0,4.0,4.0,1.0,1.0,1.0,49.0,11.0,4.0,8.0,7.0,9.0,5.0,49.0,114.0,1.5693631424034615
Brice,505122002,1,Grasshopper,3,76.0,1.0,1.0,1.0,2.0,2.0,3.0,4.0,8.0,23.0,4.0,6.0,4.0,5.0,7.0,3.0,23.0,74.0,1.1035313715757058
Brice,505122002,1,Grasshopper,4,1.0,1.0,1.0,1.0,1.0,1.0,1.0,1.0,1.0,1.0,1.0,1.0,1.0,1.0,1.0,1.0,1.0,15.0,0.0
Brice,505122002,3,Hybrid,2,47.0,8.0,1.0,7.0,3.0,3.0,3.0,5.0,1.0,2.0,5.0,1.0,1.0,3.0,7.0,3.0,8.0,53.0,0.6668912469885725
Brice,505122002,3,Hybrid,3,27.0,8.0,4.0,2.0,1.0,1.0,3.0,2.0,1.0,1.0,1.0,6.0,1.0,5.0,2.0,2.0,8.0,40.0,0.8100925873009827
Brice,505122002,3,Hybrid,4,22.0,3.0,1.0,1.0,3.0,3.0,2.0,2.0,1.0,6.0,5.0,1.0,1.0,1.0,1.0,1.0,6.0,32.0,0.7488830969231065
Brice,505122002,2,Plugin,2,49.0,2.0,1.0,1.0,2.0,4.0,3.0,2.0,10.0,7.0,2.0,1.0,3.0,1.0,1.0,2.0,10.0,42.0,0.9075324569126187
Brice,505122002,2,Plugin,3,22.0,2.0,1.0,1.0,2.0,1.0,1.0,1.0,11.0,1.0,2.0,2.0,2.0,1.0,2.0,2.0,11.0,32.0,1.1734364597199118
Brice,505122002,2,Plugin,4,16.0,1.0,1.0,1.0,2.0,1.0,1.0,1.0,10.0,5.0,1.0,1.0,1.0,1.0,1.0,2.0,10.0,30.0,1.224744871391589
Brice,505122002,0,Tot,0,434.0,27.0,12.0,23.0,20.0,20.0,18.0,19.0,44.0,95.0,32.0,23.0,22.0,25.0,31.0,21.0,95.0,432.0,0.6863616919190921
Brice,505122002,0,Average,0,48.22222222222222,3.0,1.3333333333333333,2.5555555555555554,2.2222222222222223,2.2222222222222223,2.0,2.111111111111111,4.888888888888889,10.555555555555555,3.5555555555555554,2.5555555555555554,2.4444444444444446,2.7777777777777777,3.4444444444444446,2.3333333333333335,10.555555555555555,48.0,0.6863616919190921
Brice,505122002,0,Standard Deviation,0,52.06673068711386,2.9154759474226504,1.0,2.833333333333333,0.9718253158075502,1.3017082793177759,1.0,1.4529663145135576,4.6755867130351785,15.985236244040241,3.2446537223219636,2.185812841434,2.351122663277647,2.3333333333333335,3.2446537223219636,1.224744871391589,15.985236244040241,46.72045330155079,1.1934576104062502
ThiMai,304223302,2,Grasshopper,2,90.0,8.0,10.0,5.0,3.0,1.0,1.0,3.0,9.0,5.0,3.0,8.0,5.0,10.0,11.0,3.0,11.0,85.0,0.5990600645587097
ThiMai,304223302,2,Grasshopper,3,77.0,50.0,9.0,1.0,3.0,3.0,1.0,1.0,1.0,1.0,1.0,1.0,1.0,1.0,1.0,1.0,50.0,76.0,2.488124743817995
ThiMai,304223302,2,Grasshopper,4,120.0,15.0,56.0,3.0,1.0,4.0,3.0,5.0,1.0,1.0,1.0,1.0,25.0,1.0,1.0,2.0,56.0,120.0,1.8588590970961578
ThiMai,304223302,1,Hybrid,2,47.0,4.0,1.0,4.0,2.0,2.0,4.0,3.0,5.0,4.0,1.0,3.0,8.0,9.0,5.0,1.0,9.0,56.0,0.6360180425407111
ThiMai,304223302,1,Hybrid,3,63.0,3.0,22.0,9.0,1.0,3.0,3.0,2.0,1.0,10.0,1.0,1.0,1.0,3.0,10.0,3.0,22.0,73.0,1.1826018069285351
ThiMai,304223302,1,Hybrid,4,54.0,5.0,5.0,9.0,4.0,1.0,2.0,2.0,6.0,6.0,1.0,1.0,11.0,1.0,1.0,3.0,11.0,58.0,0.8111828807635336
ThiMai,304223302,3,Plugin,2,15.0,2.0,1.0,1.0,2.0,2.0,2.0,2.0,1.0,1.0,1.0,1.0,4.0,2.0,5.0,1.0,5.0,28.0,0.636018042540711
ThiMai,304223302,3,Plugin,3,21.0,3.0,3.0,5.0,2.0,2.0,1.0,1.0,1.0,5.0,1.0,1.0,1.0,1.0,3.0,2.0,5.0,32.0,0.6597483286396845
ThiMai,304223302,3,Plugin,4,23.0,2.0,4.0,3.0,2.0,1.0,1.0,2.0,3.0,6.0,1.0,3.0,1.0,4.0,3.0,2.0,6.0,38.0,0.5555775399071027
ThiMai,304223302,0,Tot,0,510.0,92.0,111.0,40.0,20.0,19.0,18.0,21.0,28.0,39.0,11.0,20.0,57.0,32.0,40.0,18.0,111.0,566.0,0.7620923045237009
ThiMai,304223302,0,Average,0,56.666666666666664,10.222222222222221,12.333333333333334,4.444444444444445,2.2222222222222223,2.111111111111111,2.0,2.3333333333333335,3.111111111111111,4.333333333333333,1.2222222222222223,2.2222222222222223,6.333333333333333,3.5555555555555554,4.444444444444445,2.0,12.333333333333334,62.88888888888889,0.7620923045237008
ThiMai,304223302,0,Standard Deviation,0,35.03212811120672,15.473992517913548,17.621010186706094,2.96273147243853,0.9718253158075502,1.0540925533894598,1.118033988749895,1.224744871391589,2.934469476943168,3.0,0.6666666666666669,2.3333333333333335,7.858116822750857,3.53946009693255,3.7785946829182118,0.8660254037844386,17.621010186706094,65.40309738972589,1.212292542137285
Ani,303120402,3,Grasshopper,2,96.0,4.0,5.0,8.0,4.0,3.0,5.0,5.0,10.0,1.0,5.0,11.0,12.0,9.0,4.0,4.0,12.0,90.0,0.5345224838248488
Ani,303120402,3,Grasshopper,3,82.0,5.0,11.0,5.0,1.0,5.0,5.0,5.0,1.0,1.0,7.0,10.0,9.0,5.0,1.0,1.0,11.0,72.0,0.705175031745187
Ani,303120402,3,Grasshopper,4,48.0,3.0,7.0,1.0,6.0,1.0,5.0,8.0,5.0,1.0,1.0,4.0,3.0,4.0,4.0,3.0,8.0,56.0,0.5943658575277959
Ani,303120402,2,Hybrid,2,42.0,4.0,1.0,2.0,4.0,3.0,3.0,3.0,3.0,3.0,6.0,7.0,1.0,7.0,3.0,3.0,7.0,53.0,0.5225913936679385
Ani,303120402,2,Hybrid,3,27.0,3.0,3.0,2.0,2.0,3.0,3.0,2.0,6.0,4.0,1.0,1.0,1.0,2.0,5.0,1.0,6.0,39.0,0.5778381022037321
Ani,303120402,2,Hybrid,4,42.0,6.0,11.0,1.0,4.0,1.0,2.0,4.0,4.0,3.0,1.0,1.0,3.0,2.0,3.0,2.0,11.0,48.0,0.8114691262501261
Ani,303120402,1,Plugin,2,51.0,3.0,4.0,2.0,2.0,4.0,2.0,2.0,13.0,12.0,1.0,2.0,2.0,2.0,3.0,2.0,13.0,56.0,0.9787743719249221
Ani,303120402,1,Plugin,3,44.0,5.0,3.0,3.0,1.0,2.0,4.0,2.0,5.0,5.0,6.0,2.0,3.0,2.0,3.0,2.0,6.0,48.0,0.46049274850812955
Ani,303120402,1,Plugin,4,29.0,5.0,3.0,2.0,2.0,2.0,3.0,3.0,2.0,7.0,2.0,3.0,3.0,3.0,3.0,2.0,7.0,45.0,0.45425676257949793
Ani,303120402,0,Tot,0,461.0,38.0,48.0,26.0,26.0,24.0,32.0,34.0,49.0,37.0,30.0,41.0,37.0,36.0,29.0,20.0,49.0,507.0,0.24707748229659496
Ani,303120402,0,Average,0,51.22222222222222,4.222222222222222,5.333333333333333,2.888888888888889,2.888888888888889,2.6666666666666665,3.5555555555555554,3.7777777777777777,5.444444444444445,4.111111111111111,3.3333333333333335,4.555555555555555,4.111111111111111,4.0,3.2222222222222223,2.2222222222222223,5.444444444444445,56.33333333333333,0.24707748229659496
Ani,303120402,0,Standard Deviation,0,23.09100353913715,1.092906420717,3.605551275463989,2.260776661041756,1.6914819275153699,1.3228756555322954,1.2360330811826103,1.9860625479688307,3.844187531556932,3.586239131891669,2.5980762113533156,3.844187531556932,3.7896056669673577,2.5495097567963922,1.0929064207170003,0.9718253158075502,3.844187531556932,35.47222513606901,0.47507353059163754
Romain,323341324,1,Grasshopper,2,156.0,11.0,2.0,10.0,4.0,3.0,8.0,7.0,1.0,29.0,7.0,1.0,15.0,9.0,3.0,4.0,29.0,114.0,0.9433393857334168
Romain,323341324,1,Grasshopper,3,42.0,1.0,1.0,8.0,2.0,3.0,1.0,1.0,1.0,9.0,7.0,4.0,3.0,3.0,6.0,1.0,9.0,51.0,0.8229289527626952
Romain,323341324,1,Grasshopper,4,27.0,1.0,1.0,7.0,3.0,1.0,1.0,1.0,1.0,9.0,3.0,1.0,1.0,1.0,5.0,3.0,9.0,39.0,0.9730085108210398
Romain,323341324,2,Hybrid,2,56.0,9.0,8.0,2.0,3.0,3.0,4.0,5.0,1.0,6.0,2.0,2.0,2.0,5.0,7.0,3.0,9.0,62.0,0.5916770741471687
Romain,323341324,2,Hybrid,3,15.0,4.0,1.0,1.0,3.0,2.0,1.0,1.0,1.0,4.0,1.0,1.0,1.0,2.0,4.0,1.0,4.0,28.0,0.6674709676917568
Romain,323341324,2,Hybrid,4,6.0,2.0,1.0,1.0,3.0,1.0,1.0,1.0,1.0,1.0,1.0,1.0,1.0,1.0,3.0,1.0,3.0,20.0,0.5428101483418094
Romain,323341324,3,Plugin,2,23.0,1.0,1.0,2.0,2.0,2.0,4.0,3.0,4.0,2.0,2.0,2.0,2.0,2.0,2.0,1.0,4.0,32.0,0.4291291014534969
Romain,323341324,3,Plugin,3,6.0,1.0,1.0,1.0,2.0,3.0,1.0,1.0,1.0,1.0,1.0,2.0,1.0,1.0,1.0,1.0,3.0,19.0,0.4686448734510502
Romain,323341324,3,Plugin,4,2.0,1.0,1.0,1.0,1.0,1.0,1.0,1.0,1.0,1.0,1.0,1.0,1.0,1.0,1.0,1.0,1.0,15.0,0.0
Romain,323341324,0,Tot,0,333.0,31.0,17.0,33.0,23.0,19.0,22.0,21.0,12.0,62.0,25.0,15.0,27.0,25.0,32.0,16.0,62.0,380.0,0.47172212682750264
Romain,323341324,0,Average,0,37.0,3.4444444444444446,1.8888888888888888,3.6666666666666665,2.5555555555555554,2.111111111111111,2.4444444444444446,2.3333333333333335,1.3333333333333333,6.888888888888889,2.7777777777777777,1.6666666666666667,3.0,2.7777777777777777,3.5555555555555554,1.7777777777777777,6.888888888888889,42.22222222222223,0.47172212682750253
Romain,323341324,0,Standard Deviation,0,48.054656382082264,3.8765677832043357,2.315407331574968,3.6055512754639896,0.8819171036881968,0.927960727138337,2.4551533104427055,2.23606797749979,1.0,8.908485343261844,2.4888640871780128,0.9999999999999999,4.55521678957215,2.6822461565718467,2.1278575558006176,1.2018504251546631,8.908485343261844,40.263145866551454,0.7677266328464744
StephB,404223002,3,Grasshopper,2,24.0,5.0,9.0,4.0,2.0,1.0,1.0,1.0,1.0,7.0,1.0,1.0,1.0,1.0,1.0,1.0,9.0,37.0,1.0489928981580858
StephB,404223002,3,Grasshopper,3,20.0,1.0,5.0,1.0,2.0,3.0,2.0,2.0,1.0,8.0,1.0,1.0,1.0,3.0,1.0,1.0,8.0,33.0,0.8960097823719656
StephB,404223002,3,Grasshopper,4,14.0,1.0,1.0,3.0,3.0,1.0,1.0,1.0,1.0,6.0,3.0,1.0,1.0,1.0,1.0,1.0,6.0,26.0,0.8293791789556854
StephB,404223002,1,Hybrid,2,38.0,3.0,1.0,8.0,2.0,2.0,3.0,3.0,7.0,8.0,1.0,1.0,1.0,2.0,2.0,5.0,8.0,49.0,0.7715488822837584
StephB,404223002,1,Hybrid,3,18.0,1.0,1.0,3.0,2.0,2.0,3.0,3.0,1.0,4.0,1.0,1.0,1.0,3.0,2.0,1.0,4.0,29.0,0.534204599476885
StephB,404223002,1,Hybrid,4,12.0,1.0,1.0,2.0,2.0,1.0,1.0,2.0,2.0,6.0,1.0,1.0,1.0,1.0,2.0,1.0,6.0,25.0,0.7745966692414832
StephB,404223002,2,Plugin,2,14.0,1.0,1.0,3.0,2.0,1.0,2.0,2.0,1.0,7.0,1.0,1.0,1.0,2.0,2.0,1.0,7.0,28.0,0.831570048977045
StephB,404223002,2,Plugin,3,36.0,2.0,4.0,2.0,2.0,2.0,1.0,1.0,1.0,29.0,1.0,1.0,1.0,1.0,1.0,1.0,29.0,50.0,2.1444279956602483
StephB,404223002,2,Plugin,4,6.0,1.0,1.0,1.0,2.0,1.0,1.0,1.0,1.0,3.0,1.0,1.0,1.0,1.0,1.0,1.0,3.0,18.0,0.4671765921511568
StephB,404223002,0,Tot,0,182.0,16.0,24.0,27.0,19.0,14.0,15.0,16.0,16.0,78.0,11.0,9.0,9.0,15.0,13.0,13.0,78.0,295.0,0.8576864529810417
StephB,404223002,0,Average,0,20.22222222222222,1.7777777777777777,2.6666666666666665,3.0,2.111111111111111,1.5555555555555556,1.6666666666666667,1.7777777777777777,1.7777777777777777,8.666666666666666,1.2222222222222223,1.0,1.0,1.6666666666666667,1.4444444444444444,1.4444444444444444,8.666666666666666,32.77777777777778,0.8576864529810416
StephB,404223002,0,Standard Deviation,0,10.790942704159097,1.3944333775567928,2.8284271247461903,2.1213203435596424,0.33333333333333337,0.7264831572567789,0.8660254037844386,0.8333333333333334,1.9860625479688305,7.810249675906654,0.6666666666666667,0.0,0.0,0.8660254037844386,0.5270462766947299,1.3333333333333335,7.810249675906654,22.292739977925162,1.2916693273977198
